display_name,simplified_summary
Public economics,"Public economics examines government policy's impact on economic efficiency and equity, utilizing microeconomic theory to assess taxation, expenditures, and market failures, aiming to enhance social welfare through public finance and policy design."
Physical geography,"Physical geography studies natural environmental processes and patterns, such as those in the atmosphere and biosphere, distinguishing it from human geography's focus on built environments and technical geography's emphasis on spatial information tools."
Finance,"Finance is the study of money, assets, and liabilities across personal, corporate, and public sectors, involving activities like trading and insuring assets, with subfields such as risk management and financial analysis, crucial to business."
Economic policy,"Economic policy encompasses government strategies for managing taxation, budgets, money supply, interest rates, labor markets, and national ownership, influenced by international institutions and political beliefs, and categorized into fiscal and monetary policies."
Anatomy,"Anatomy, derived from the Greek for 'dissection', is the branch of natural science focused on studying the internal structures of organisms, particularly humans, utilizing advanced imaging and encompassing both macroscopic and microscopic levels."
Statistics,"Statistics is the study of data collection, organization, analysis, interpretation, and presentation, utilizing descriptive and inferential methods to summarize and draw conclusions from data, often addressing scientific, industrial, or social problems."
Financial economics,"Financial economics studies monetary activities and relationships between financial variables, such as share prices and interest rates, using econometric techniques and mathematical models, focusing primarily on microeconomic aspects like asset pricing and corporate finance."
Aesthetics,"Aesthetics is the philosophy branch that studies beauty, taste, and art, focusing on critical judgments, individual interactions, and the creation, enjoyment, and impact of art to define and evaluate aesthetic value."
Construction engineering,"Construction engineering, a subfield of civil engineering, focuses on designing, planning, and managing infrastructure projects with an emphasis on construction procedures, cost, scheduling, and personnel management to ensure timely and budget-compliant project delivery."
Human-computer interaction,"Human-computer interaction (HCI) is a multidisciplinary field focused on designing technologies to enhance the interactive dialogue between humans and computers, emphasizing diverse and open-ended user engagements since its inception in 1975."
Environmental resource management,"Environmental resource management involves managing human impact on the environment to protect ecosystem services for future generations, balancing ethical, economic, and ecological factors, and encompassing fields like sustainability, resource and wildlife management, and environmental protection."
Environmental chemistry,"Environmental chemistry is the interdisciplinary study of chemical and biochemical processes in natural environments, examining the sources, reactions, transport, effects, and fates of chemical species in air, soil, and water, including human impacts."
Gender studies,"Gender studies is an interdisciplinary field examining gender identity and representation, intersecting with race, ethnicity, and social class, and influenced by feminist psychoanalysis, primarily within Western academia since the 1990s."
Internet privacy,"Internet privacy is the right to control the storage, use, and display of personal information online, encompassing both identifiable and non-identifiable data, to protect against potential abuses despite the appeal of online sharing."
Particle physics,"Particle physics investigates fundamental particles and forces, focusing on fermions and bosons in the Standard Model, particle interactions, and unresolved gravity integration, utilizing theoretical frameworks and particle accelerators."
Engineering management,"Engineering management integrates engineering problem-solving and managerial skills to lead engineering-focused enterprises, with degrees encompassing project management, supply chain management, programming, and quality control, akin to MBA programs."
Oceanography,"Oceanography, or marine science, is the multidisciplinary study of the ocean's physical, chemical, biological, and geological aspects, including currents, waves, chemical fluxes, ecosystem dynamics, and seabed geology."
Epistemology,"Epistemology is the philosophical study of the nature, origin, and limits of knowledge, examining types and sources of justification, and encompassing perspectives like skepticism, empiricism, and rationalism, with specialized branches for fields like science and morality."
Psychoanalysis,"Psychoanalysis, developed by Sigmund Freud, is a theory and treatment method focusing on unconscious mental processes, repression, sexuality, and the Oedipus complex, viewing the human psyche as comprising innate needs, consciousness, and memory storage."
Operating system,"An operating system (OS) manages hardware and software resources, schedules tasks, and serves as an intermediary between programs and hardware, with different types dominating various device markets like personal computers, mobile, servers, and supercomputers."
Advertising,"Advertising is a practice aimed at promoting products or services to increase consumption or sales, with significant evolution since the 1920s and major global expenditure of $529.43 billion across various media in 2015."
Risk analysis (engineering),"Risk analysis in engineering involves identifying, evaluating, and prioritizing risks from various sources to minimize, monitor, and control their impact through strategies like avoidance, reduction, transfer, or retention."
Computer engineering,"Computer engineering combines computer science and electronic engineering to develop hardware and software, requiring expertise in areas like electronic engineering, software design, AI, and often focuses on specific specializations such as microprocessors, operating systems, and robotics."
Algorithm,"An algorithm is a finite set of precise mathematical instructions designed to solve specific problems or perform computations, often involving automated decision-making and reasoning, and leading to a final output."
Combinatorics,"Combinatorics is a branch of mathematics that studies counting and analyzing finite structures, with applications across various fields and connections to algebra, probability, topology, geometry, and algorithm analysis."
Geomorphology,"Geomorphology is the scientific study of Earth's surface features' origin, evolution, and dynamics, using field observations, experiments, and modeling across disciplines like geography, geology, archaeology, and engineering."
Software engineering,"Software engineering is a systematic approach to software development involving design, implementation, testing, management, and maintenance of software systems, distinguishing it from programming which focuses solely on construction."
Nuclear engineering,"Nuclear engineering focuses on designing systems to harness energy from nuclear processes, significantly contributing to global electricity generation with minimal CO2 emissions, and holds future potential through nuclear fusion advancements."
Manufacturing engineering,"Manufacturing engineering involves planning, developing, and integrating systems and processes to transform raw materials into quality products efficiently and cost-effectively, often utilizing computer-integrated technology to minimize human labor."
Positive economics,"Positive economics examines economic facts and behaviors based on empirical evidence and cause-and-effect relationships, distinguishing itself from normative economics, which addresses economic values and ideal outcomes."
Ophthalmology,"Ophthalmology is a medical specialty dedicated to diagnosing, treating, and researching eye disorders, with ophthalmologists trained extensively to prescribe medications, perform surgeries, and implement laser therapies."
Computer architecture,"Computer architecture is the structured design of a computer system, encompassing its components and details such as instruction set architecture, microarchitecture, and logic design."
Psychiatry,"Psychiatry is a medical specialty dedicated to diagnosing, preventing, and treating mental conditions related to mood, behavior, cognition, and emotions through various assessments and treatments, guided by manuals like ICD and DSM."
Discrete mathematics,"Discrete mathematics is the study of countable or distinct mathematical structures, crucial in computer science for fields like algorithms and cryptography, and is recognized by the Fulkerson Prize for outstanding research."
Electrical engineering,"Electrical engineering is the study, design, and application of electricity, electronics, and electromagnetism across various fields, requiring diverse skills and often involving professional accreditation."
Optometry,"Optometry is a health care field where optometrists, holding a Doctor of Optometry degree, examine eyes for defects, provide comprehensive eye care, and treat eye conditions but do not perform surgeries."
Machine learning,"Machine learning, a branch of artificial intelligence, creates statistical algorithms that learn from data to perform tasks autonomously, with applications in fields like natural language processing, medicine, and predictive analytics."
Distributed computing,"Distributed computing is a computer science field focused on networked systems where interconnected components coordinate to achieve common goals, offering scalability and flexibility despite challenges like concurrency, independent failures, and additional hardware costs."
Optics,"Optics is the physics branch studying light's behavior, properties, and interactions, covering visible, ultraviolet, and infrared light, and is crucial in fields like astronomy, engineering, and medicine, using tools like lenses and lasers."
Physics,"Physics is a fundamental scientific discipline that studies matter, energy, and forces, driving technological innovations and intersecting with other fields like biophysics."
Computer graphics (images),"Computer graphics involves generating and processing images using specialized hardware and software, crucial for digital media applications like animation and video games, and is based on principles of geometry, optics, physics, and perception."
Statistical physics,Statistical physics is a mathematical framework in physics that uses statistical methods and probability theory to explain macroscopic properties and model irreversible processes based on the behavior of large groups of microscopic entities.
Accounting,"Accounting involves recording, processing, and conveying economic information for entities to stakeholders, encompassing various branches like financial, management, tax, and cost accounting, and adhering to globally converging standards developed from medieval European practices."
Data mining,"Data mining is a subfield of computer science and statistics that uses machine learning and statistical methods to automatically extract patterns and knowledge from large data sets as part of the ""knowledge discovery in databases"" process."
Literature,"Literature, derived from the Latin term for ""writing formed with letters,"" encompasses written and spoken works, including novels, plays, poems, and non-fiction, serving to record, preserve, and transmit knowledge and entertainment."
Biophysics,"Biophysics is an interdisciplinary science that applies physics methods to study biological phenomena across all organizational scales, intersecting with fields like biochemistry, nanotechnology, and systems biology."
Mathematical optimization,"Mathematical optimization is the process of selecting the best option from a set according to specific criteria, involving maximization or minimization of a function, and is widely used in fields like computer science, engineering, and economics."
Internal medicine,"Internal medicine is a medical specialty focused on preventing, diagnosing, and treating adult internal diseases, with internists managing complex conditions, providing inpatient and outpatient care, and contributing to teaching and research."
Polymer science,"Polymer science, a branch of materials science, studies polymers, particularly synthetic ones like plastics and elastomers, integrating expertise from chemistry, physics, and engineering."
Radiology,"Radiology is a medical specialty utilizing imaging techniques like radiography, ultrasonography, and MRI to diagnose diseases and guide treatments, involving radiologists, nurses, and radiographers in image interpretation, patient care, and technology operation."
Urology,"Urology, or genitourinary surgery, focuses on diagnosing and treating urinary and reproductive system diseases using medical and surgical methods, encompassing subspecialties like oncology, pediatric urology, and minimally invasive surgery, often requiring additional training."
Geology,"Geology is the scientific study of Earth and other astronomical objects, focusing on their composition, structure, processes, and history, and it is essential for understanding natural hazards, resources, and environmental remediation."
Engineering,"Engineering is the application of science, mathematics, and design to solve technical problems, improve efficiency, and upgrade systems across various subfields such as infrastructure, machinery, vehicles, electronics, materials, and energy systems."
Astronomy,"Astronomy is the ancient science of studying celestial objects and cosmic phenomena using mathematics, physics, and chemistry, encompassing both observational and theoretical branches, with cosmology focusing on the universe as a whole."
Obstetrics,"Obstetrics is a medical specialty dedicated to managing pregnancy, childbirth, and the postpartum period, commonly integrated with gynecology in the OB/GYN surgical discipline."
Geodesy,"Geodesy is the earth science and applied mathematics discipline that studies the Earth's 3D geometry, gravity, and orientation, as well as other astronomical bodies, using various techniques to examine geodynamical phenomena."
Neoclassical economics,"Neoclassical economics is a dominant microeconomic approach that determines the value of goods and services through supply and demand, focusing on utility maximization by individuals and profit maximization by firms."
Control engineering,"Control engineering, also called automation engineering, designs systems with desired behaviors using control theory, overlapping with electrical, chemical, and mechanical engineering, and focuses on implementing automatic control systems through mathematical modeling and sensor feedback."
Endocrinology,"Endocrinology is the medical and biological study of the endocrine system, its hormone secretions, their impact on bodily functions and behaviors, and related diseases, with specializations in behavioral and comparative endocrinology."
Mathematical analysis,"Mathematical analysis, originating from calculus, examines continuous functions, limits, differentiation, integration, and series within real and complex numbers, and applies to spaces with defined nearness or distances, such as topological and metric spaces."
Environmental economics,"Environmental economics is a branch of economics that examines the economic effects of environmental policies, distinct from ecological economics, which treats the economy as part of the ecosystem and emphasizes preserving natural capital."
Biomedical engineering,"Biomedical engineering applies engineering principles to healthcare by developing diagnostic, therapeutic, and biocompatible devices, managing medical equipment, and advancing imaging technologies, regenerative tissue growth, and pharmaceutical drugs."
Economy,"An economy encompasses the production, distribution, trade, and consumption of goods and services, shaped by cultural, social, political, and technological factors, and driven by the utilization of natural resources, labor, and capital."
World Wide Web,"The World Wide Web, created by Tim Berners-Lee in 1989, is an internet-based information system using HTTP and HTML to share and access multimedia content via URLs, serving as the main interface for global online interaction."
Industrial engineering,"Industrial engineering optimizes complex systems by integrating people, resources, and technology using mathematical, physical, and social sciences, along with engineering principles, to enhance productivity and quality through methods like Lean Manufacturing and Six Sigma."
Developmental psychology,"Developmental psychology is the scientific study of human growth and adaptation throughout life, focusing on physical, cognitive, and socio-emotional development influenced by genetic, environmental, and personal factors, and shaped by theorists like Bronfenbrenner, Erikson, and Freud."
Philosophy,"Philosophy is the systematic study of fundamental questions about existence, knowledge, and values, employing conceptual analysis and critical questioning, and encompassing various branches and cultural traditions."
Political economy,"Political economy examines how political systems govern economic systems, focusing on markets, growth, distribution, inequality, and trade, and originated in the 18th century with influences from Adam Smith, Thomas Malthus, and David Ricardo."
Nuclear chemistry,"Nuclear chemistry studies radioactivity, nuclear processes, atomic transformations, and the effects and applications of radiation in living beings, materials, medical treatments, industry, science, and technologies like nuclear magnetic resonance spectroscopy."
Macroeconomics,"Macroeconomics is the branch of economics that studies the performance, structure, behavior, and decision-making of entire economies, focusing on aggregate variables and the impact of fiscal and monetary policies."
Animal science,"Animal science, formerly known as animal husbandry, focuses on the biology, production, and management of domesticated animals, with educational programs often including practical farm experience, especially at land-grant universities."
Surgery,"Surgery is a medical specialty involving manual and instrumental techniques to treat conditions, alter functions, improve aesthetics, or remove tissues, performed by a team including a surgeon and requiring postoperative care, also referring to the facility used."
Art,"Art encompasses diverse creative practices that express, tell stories, and engage culturally, shaping individual and social identities, transforming perceptions, and preserving relationships through visual, literary, and performing forms."
Pathology,"Pathology is the study of disease, focusing on diagnosing and understanding diseases through tissue and cell analysis, and exploring their causes, development, cellular changes, and effects."
Oncology,"Oncology is the medical field dedicated to the study, diagnosis, treatment, and follow-up of cancer, including surgery, chemotherapy, radiotherapy, palliative care, ethical considerations, and cancer risk screening."
Sociology,"Sociology is the scientific study of human society, examining social behavior, relationships, interaction, and culture through empirical investigation and critical analysis to understand social order and change across various domains."
Horticulture,"Horticulture is the art and science of cultivating plants for gardening, landscaping, and floriculture, evolving from ancient plant domestication to modern practices including CRISPR technology, supported by global horticultural societies."
Business,"Business refers to profit-driven activities involving buying, selling, or producing goods or services, where owners are personally liable for debts and taxed on all income."
Mathematical economics,"Mathematical economics applies advanced mathematical methods to represent and analyze economic theories and problems, enabling rigorous and testable propositions, and is used for optimization, equilibrium analysis, comparative statics, and dynamic analysis."
Labour economics,"Labour economics examines wage labour market dynamics, analyzing the interaction between workers and employers, and exploring wage, employment, and income patterns influenced by social, cultural, and political factors, emphasizing human capital and entrepreneurship."
Mathematics education,"Mathematics education focuses on teaching, learning, and researching mathematical knowledge, utilizing various tools, methods, and practices to enhance global educational standards through diverse concepts, theories, conferences, and publications."
Aerospace engineering,"Aerospace engineering involves designing and developing aircraft and spacecraft, encompassing aeronautical and astronautical engineering, with avionics engineering focusing on the electronic systems used in these vehicles."
Civil engineering,"Civil engineering is a professional field focused on designing, constructing, and maintaining infrastructure such as roads, bridges, and sewage systems, serving both public and private sectors."
Computational chemistry,"Computational chemistry employs computer simulations and theoretical methods to solve chemical problems, calculate molecular structures and properties, and predict unobserved phenomena, enabling the depiction of quantum mechanical systems."
Physical chemistry,"Physical chemistry examines chemical systems' macroscopic and microscopic phenomena using physics principles to understand intermolecular forces, reaction kinetics, thermodynamics, and quantum mechanics at a supra-molecular level."
Regional science,"Regional science is a social science discipline that employs analytical methods to study spatial economics, transportation, migration, land use, environmental analysis, resource management, policy analysis, and spatial data analysis in urban, rural, and regional contexts."
Embedded system,"An embedded system is a specialized computer system within a device, controlling its physical operations, and includes a processor, memory, and peripherals, ranging from simple microcontrollers to complex, large-scale networks."
Econometrics,"Econometrics applies statistical methods to economic data to analyze relationships, develop models, evaluate theories, study economic history, and forecast future trends."
Demography,"Demography is the statistical study of human populations, focusing on their size, composition, and changes through fertility, mortality, and migration, and is closely linked to sociology and various other fields."
Biotechnology,"Biotechnology is a multidisciplinary field that uses organisms and techniques like genetic engineering to develop products and services in medicine, agriculture, and environmental science, while addressing ethical and societal challenges."
Paleontology,"Paleontology is the scientific study of prehistoric life through fossil analysis to understand ancient organisms, their environments, evolution, and ecology, using various techniques while addressing challenges in dating and classification."
Meteorology,"Meteorology is the atmospheric science focused on weather forecasting and studying variables like temperature and air pressure, with applications in fields such as military, agriculture, and construction, and has advanced significantly with computer development."
Visual arts,"The visual arts include painting, drawing, sculpture, ceramics, photography, filmmaking, design, and architecture, with a historical expansion to crafts and applied arts, emphasizing imaginative qualities in painting and sculpture."
Molecular biology,"Molecular biology, established in 1945, studies the molecular basis of biological activity within and between cells, focusing on biomolecular synthesis, modification, mechanisms, and interactions, with key applications in drug development, disease diagnosis, and cell physiology."
Artificial intelligence,"Artificial intelligence (AI) is a computer science field focused on creating machines capable of intelligent behavior, with diverse applications and evolving technologies, but also raising significant ethical and regulatory concerns."
International trade,"International trade is the cross-border exchange of capital, goods, and services, significantly impacting GDP and influenced by currency, policies, and laws, with organizations like the WTO aiding its facilitation and growth."
Medicinal chemistry,"Medicinal chemistry is an interdisciplinary field that designs, develops, and studies pharmaceutical drugs, focusing on their synthesis, biological properties, and structure-activity relationships to ensure they are safe and effective for disease treatment."
Humanities,"Humanities are academic disciplines that study human society and culture through critical, speculative, or interpretative methods, encompassing fields like philosophy, history, language arts, performing arts, and visual arts, distinct from empirical sciences."
Psychology,"Psychology is the scientific study of the mind and behavior, examining both conscious and unconscious phenomena in humans and nonhumans to understand mental processes, emotions, and social behavior for societal benefit."
Virology,"Virology is a microbiology subfield that studies viruses, including their detection, structure, classification, infection methods, host interactions, and their impact on health, agriculture, and ecology, as well as their use in research and therapy."
Nursing,"Nursing is a healthcare profession dedicated to promoting health, preventing illness, and alleviating suffering through patient care, diagnosis, medication prescription, and health education, often in collaboration with other healthcare professionals."
Soil science,"Soil science examines soil as a natural resource, focusing on its formation, classification, properties, management, and preservation, and includes branches like pedology and edaphology, involving interdisciplinary professionals to address environmental challenges."
Chemical physics,"Chemical physics investigates chemical processes through physics and chemistry principles, emphasizing the physical properties and behaviors of chemical systems, including structural phenomena, quantum theory, mathematical physics, chemical kinetics, and laser physics."
Composite material,"Composite materials are engineered from two or more distinct materials to achieve unique, cost-effective, lightweight, strong, and durable properties, used in diverse applications from construction to aerospace, including advanced robotic materials."
Dermatology,"Dermatology is a medical specialty focused on diagnosing and treating conditions related to the skin, hair, and nails, including both medical and surgical interventions, managed by dermatologists."
Library science,"Library science is a subfield of information science focused on the organization, access, collection, and regulation of both physical and digital information, often encompassed within Library and Information Science (LIS) and taught in information departments or iSchools."
Actuarial science,"Actuarial science uses mathematical and statistical methods to evaluate risk in industries, requiring actuaries to pass rigorous exams, and encompasses subjects like mathematics, statistics, and finance, with high job rankings due to favorable conditions and prospects."
Economics,"Economics is a social science that studies the production, distribution, and consumption of goods and services, focusing on economic agent interactions and applying analysis to various societal areas such as business, health, and policy."
Marketing,"Marketing involves satisfying and retaining customers through strategic planning, market research, and promotional methods, tailored to product specifics and target market characteristics, in both B2B and B2C contexts."
Cardiology,"Cardiology is the medical field dedicated to diagnosing and treating heart and cardiovascular disorders, involving specialists such as cardiologists, pediatric cardiologists, and cardiothoracic surgeons."
Seismology,"Seismology is the scientific study of earthquakes, elastic wave propagation through Earth or other planets, including tsunamis, volcanic and tectonic activities, paleoseismology, and recording Earth's motion over time with seismograms."
Keynesian economics,"Keynesian economics, named after John Maynard Keynes, asserts that aggregate demand drives economic output and inflation, advocating for fiscal and monetary policies to stabilize economic fluctuations, with renewed interest during the 2007-2008 financial crisis."
Mining engineering,"Mining engineering involves extracting minerals from the ground, encompassing disciplines such as mineral processing, exploration, excavation, and geology, and managing all phases of mining operations from discovery to closure."
Andrology,"Andrology is a medical specialty dedicated to male health, addressing issues of the male reproductive system and specific urological problems, analogous to gynecology for female health."
Archaeology,"Archaeology is the study of human activity through the analysis of material culture, focusing on prehistoric societies and utilizing methods like surveying and excavation to understand human history from 3.3 million years ago to recent times."
Classical economics,"Classical economics, developed in late 18th to mid-19th century Britain by economists like Adam Smith, views market economies as self-regulating systems governed by natural laws, emphasizing market freedom and the state's role in the common good."
Neuroscience,"Neuroscience is the multidisciplinary study of the nervous system, focusing on its functions, disorders, and the biological basis of learning, memory, behavior, perception, and consciousness through techniques like molecular studies and brain imaging."
Architectural engineering,"Architectural engineering combines engineering disciplines to design and construct environmentally sustainable and structurally sound buildings, addressing emissions and resilience while ensuring safety and complementing architects' aesthetic and functional designs."
Automotive engineering,"Automotive engineering is a research-intensive field that integrates mechanical, electrical, electronic, software, and safety engineering to design, manufacture, modify, and test vehicles from concept to production."
Nanotechnology,"Nanotechnology is the manipulation of matter at the nanoscale (1-100nm) to exploit surface and quantum properties for diverse applications, including medicine and electronics, while raising concerns about toxicity, environmental impact, and regulation."
Parallel computing,"Parallel computing involves performing simultaneous calculations or processes to enhance performance, often requiring specific hardware support and being constrained by Amdahl's law, with some parallelism being transparent to programmers unlike concurrency."
Geochemistry,"Geochemistry uses chemistry to study geological systems, including Earth's crust and oceans, and extends to the Solar System to understand processes like mantle convection, planet formation, and the origins of granite and basalt."
Microeconomics,"Microeconomics, a branch of economics, examines individual and firm behavior, market mechanisms, and decision-making processes, focusing on supply and demand, pricing, resource allocation, and the impact of government policies on specific markets."
Natural resource economics,"Natural resource economics examines the supply, demand, and allocation of Earth's resources to develop sustainable management methods and ensure their future availability, promoting a sustainable and efficient economy."
Radiochemistry,"Radiochemistry is the study of radioactive isotopes to investigate the properties and reactions of stable isotopes, encompassing both natural and man-made radioisotopes, distinct from radiation chemistry which involves minimal radiation levels."
Political science,"Political science is the social science that examines governance systems, political activities, thoughts, behaviors, and related laws and constitutions."
Intensive care medicine,"Intensive care medicine is a multidisciplinary specialty dedicated to treating critically ill patients with life-threatening conditions, involving comprehensive life support, monitoring, resuscitation, and end-of-life care in hospital ICUs."
Business administration,"Business administration involves managing and overseeing business operations through planning, organizing, and controlling resources, requiring strategic thinking, leadership, and communication to achieve organizational goals and balance stakeholder interests."
Organic chemistry,"Organic chemistry studies the structure, properties, and reactions of carbon-containing compounds, including hydrocarbons and organometallics, with applications in pharmaceuticals, materials, and overlaps with biochemistry and polymer chemistry."
Aeronautics,"Aeronautics is the study, design, and operation of air flight-capable machines, including aircraft and rockets, encompassing technology, business, and aerodynamics, which examines air interaction with moving objects."
Inorganic chemistry,"Inorganic chemistry studies the synthesis and behavior of non-carbon-based and organometallic compounds, with applications in catalysis, materials science, pigments, coatings, medications, fuels, and agriculture."
Cognitive psychology,"Cognitive psychology, emerging in the 1960s, scientifically examines mental processes such as attention, memory, and creativity, diverging from behaviorism and intersecting with disciplines like cognitive science and economics."
Biochemical engineering,"Biochemical engineering integrates chemical and biological engineering to design and optimize processes involving biological organisms or molecules for applications in biofuels, food, pharmaceuticals, biotechnology, and water treatment, scaling lab findings to industrial production."
Atomic physics,"Atomic physics is the study of atoms, focusing on electron arrangements, atomic interactions, and structural changes, distinct from nuclear physics which examines nuclear reactions and atomic nuclei properties."
International economics,"International economics studies the effects of global disparities in resources, consumer preferences, and institutions on trade, investment, finance, and economic policies, incorporating elements like tariffs, trade quotas, capital flows, and exchange rates."
Nuclear physics,"Nuclear physics examines atomic nuclei and their interactions, distinct from atomic physics which studies whole atoms, leading to applications in power, medicine, and astrophysics, and is closely related to particle physics."
Chemistry,"Chemistry is the scientific study of matter, its properties, behavior, and changes during reactions, bridging physics and biology, and encompassing various specialized subdisciplines with significant applications in the chemical industry."
Biological system,"A biological system is a complex network of interconnected biological entities, spanning scales from populations to cellular components and regulatory pathways, distinct from an individual living organism."
Physical therapy,"Physical therapy, or physiotherapy, is a healthcare profession focused on promoting, maintaining, or restoring health through education and physical interventions, with therapists working in diverse settings and sometimes involved in research, education, and health administration."
Pediatrics,"Pediatrics is the medical field dedicated to the care of individuals from infancy to young adulthood, typically up to age 18 in the UK, 21 in the US, and 25 for certain subspecialties."
Geotechnical engineering,"Geotechnical engineering is a civil engineering branch that studies earth materials' behavior using soil and rock mechanics, geology, hydrology, and geophysics, applied in military, mining, petroleum, coastal, and offshore construction fields."
Management,"Management is the administration of organizational resources across three hierarchical levels—senior, middle, and line management—focused on setting, communicating, and overseeing strategic goals, and is a major academic discipline emphasizing evidence-based approaches."
Polymer chemistry,"Polymer chemistry studies the structure, synthesis, and properties of polymers and macromolecules, primarily focusing on synthetic and organic compositions found in materials such as plastics and rubbers."
Cognitive science,"Cognitive science is an interdisciplinary field that studies the mind and its processes, integrating insights from various disciplines to understand how thinking operates on representational structures in the mind."
Ecology,"Ecology is the study of relationships among organisms and their environment, encompassing life processes, interactions, ecosystem dynamics, and biodiversity, with applications in conservation, resource management, urban planning, and human ecology."
Law and economics,"Law and economics applies microeconomic theory to analyze, explain, and predict legal rules and their effects, focusing on economic efficiency and institutional analysis within the legal framework."
Anthropology,"Anthropology is the scientific study of human biology, behavior, societies, cultures, and linguistics across time, encompassing sub-fields such as social, cultural, linguistic, physical anthropology, and archaeology."
Metallurgy,"Metallurgy, a branch of materials science and engineering, involves studying and manipulating the physical and chemical properties of metals, their compounds, and alloys, encompassing production, component engineering, and fields like nanotechnology and surface engineering."
Materials science,"Materials science is an interdisciplinary field that studies and discovers materials, examining how their structure affects their properties and performance, and is essential to areas such as nanotechnology, biomaterials, and metallurgy."
Pedagogy,"Pedagogy is the study and practice of teaching methods influenced by social, political, and psychological factors, aimed at developing human potential or imparting specific skills based on students' needs, backgrounds, and interests."
Emergency medicine,"Emergency medicine specializes in immediate care for acute illnesses or injuries, practiced in hospitals and clinics, with sub-specialties like disaster medicine and varying global recognition and evolving practices in developing countries."
Process management,"Process management involves overseeing and optimizing processes in fields like business, computing, and manufacturing to enhance efficiency and safety, with applications in journals, conferences, and distributed operating systems."
Ancient history,"Ancient history spans from the advent of writing to late antiquity, covering roughly 5,000 years and marked by significant population growth and the Stone, Bronze, and Iron Ages."
Medical physics,"Medical physics applies physics to disease prevention, diagnosis, and treatment, specializing in radiation oncology, radiology, nuclear medicine, and radiation protection, and involves work in universities, hospitals, and labs for professional practice or research."
Earth science,"Earth science, or geoscience, is a natural science branch studying Earth's biosphere, hydrosphere/cryosphere, atmosphere, and geosphere's physical, chemical, and biological aspects."
Marine engineering,"Marine engineering, or ocean engineering, involves designing and maintaining marine vessels and ocean systems, leading to career opportunities in the merchant navy and various onboard and onshore positions, potentially rising to chief engineer."
Mineralogy,"Mineralogy is a geology branch that scientifically examines minerals' chemistry, crystal structure, physical properties, formation, classification, geographical distribution, and utilization."
Dentistry,"Dentistry is the study, diagnosis, prevention, and treatment of oral diseases, primarily involving teeth and gums, including specialties like oral surgery, emphasizing evidence-based practices for comprehensive oral health care."
Programming language,"A programming language is a formal system of syntax and semantics used to write instructions for computers, requiring an interpreter or compiler, and has evolved from hardware-specific to abstract designs, with thousands of variations studied in computer science."
Law,"Law is a set of enforceable rules governing behavior, created by authorities, influencing politics, economics, and society, with public and private domains, and varying across global legal systems."
Engineering drawing,"An engineering drawing is a detailed technical blueprint specifying an object's construction, including dimensions, tolerances, symbols, and an information box with creator details, often using multiple linked drawings for comprehensive component depiction."
Reliability engineering,"Reliability engineering focuses on ensuring equipment consistently functions without failure by predicting, preventing, and managing risks, and is closely related to quality, safety, and cost considerations."
Systems engineering,"Systems engineering is an interdisciplinary field focused on designing, integrating, and managing complex systems throughout their life cycles using systems thinking principles to identify and solve real problems and potential failures."
Pure mathematics,"Pure mathematics focuses on exploring mathematical concepts for intellectual satisfaction and aesthetic appreciation, independent of practical applications, though many of its theories later find real-world uses in fields like physics and computer science."
Immunology,"Immunology is the branch of biology and medicine that studies the immune system's functions, malfunctions, and characteristics in health and disease, with applications across various medical fields."
Natural language processing,Natural language processing (NLP) is a field of computer science and AI focused on enabling computers to understand and process human language using methods like machine learning and deep learning for tasks such as speech recognition and text classification.
Geography,"Geography is the comprehensive study of Earth's lands, inhabitants, features, and phenomena, utilizing techniques like cartography and remote sensing to understand space, place, time, and scale."
Operations management,"Operations management involves designing, controlling, and optimizing the production of goods and services, managing resources efficiently, and making strategic and daily decisions in areas like product design, quality management, and inventory control."
Process engineering,"Process engineering involves designing, operating, controlling, and optimizing industrial processes to transform raw materials and energy into useful products, with specializations in sectors like agriculture, food, cosmetics, pharmaceuticals, petrochemicals, and more."
Combinatorial chemistry,"Combinatorial chemistry is a synthetic method for producing large quantities of compounds simultaneously, facilitating the synthesis of small molecules and peptides, and identifying useful components."
Transport engineering,"Transportation engineering uses technology and scientific principles to plan, design, operate, and manage transportation systems for safe, efficient, and eco-friendly movement of people and goods."
Information retrieval,"Information retrieval (IR) is the computing process of identifying and retrieving relevant resources based on a search query, involving documents, metadata, and databases, often facilitated by automated systems like web search engines."
Electronic engineering,"Electronic engineering, a branch of electrical engineering, focuses on using active components like semiconductors to control electric current and encompasses fields such as digital electronics, consumer electronics, embedded systems, and power systems."
Religious studies,"Religious studies is a scientific discipline analyzing religion through empirical, historical, and cross-cultural lenses, incorporating anthropology, sociology, and psychology to enhance global understanding and address sectarian tensions."
Acoustics,"Acoustics is the physics branch studying mechanical waves in gases, liquids, and solids, including sound and vibration, with applications in audio, medicine, architecture, and impacts on human culture and animal communication."
Data science,"Data science is an interdisciplinary field that employs statistical and computational techniques to extract knowledge from data, blending elements from mathematics, computer science, and other domains to generate insights."
Geometry,"Geometry is a mathematics branch studying space properties such as distance, shape, size, and relative position, evolving from Euclidean concepts to include various subfields and broader definitions of ""space."""
Ethnology,"Ethnology is the academic discipline focused on comparing and analyzing the characteristics and relationships of different peoples, closely related to cultural, social, and sociocultural anthropology."
Economic geography,"Economic geography examines the spatial distribution of economic activities and their influencing factors, including industry location, trade, development, urban economics, and the relationship between the environment and economy."
Condensed matter physics,"Condensed matter physics investigates the physical properties and behaviors of matter in solid and liquid states, including exotic phases, using principles from quantum mechanics, electromagnetism, and statistical mechanics, intersecting with multiple scientific disciplines."
Theology,"Theology is the study of religious beliefs, divinity, and revelation from a religious perspective, using various analyses to understand, critique, or promote religious topics and traditions, often taught in academic institutions."
Speech recognition,"Speech recognition, or speech-to-text, is a computer science subfield that converts spoken language into text, leveraging deep learning and big data for applications in voice dialing, document preparation, and security."
Applied mathematics,"Applied mathematics applies mathematical methods to solve practical problems in fields such as physics, engineering, and medicine, integrating specialized knowledge and often inspiring research in pure mathematics."
Gynecology,"Gynecology is the medical field specializing in women's diseases, particularly of the reproductive organs, often combined with obstetrics and contrasting with andrology, which focuses on male reproductive health."
Media studies,"Media studies is an interdisciplinary field analyzing the content, history, and impacts of mass media using theories and methods from mass communication, communication sciences, and various other disciplines."
Orthodontics,"Orthodontics, a dentistry specialty, corrects misaligned teeth and jaws using braces, appliances, or surgery, often starting pre-adulthood for easier bone adjustment, and aims to improve patients' quality of life despite inconclusive health benefits."
Nuclear medicine,"Nuclear medicine, or nucleology, uses radioactive substances to diagnose and treat diseases by focusing on body function rather than anatomy, commonly employing SPECT and PET scans to record internal radiation."
Computational physics,"Computational physics, a subset of computational science, employs numerical analysis to solve physics problems, bridging theoretical and experimental physics, and was the first scientific application of modern computers."
Quantum electrodynamics,"Quantum electrodynamics (QED) is a particle physics theory that explains light-matter interactions, integrating quantum mechanics and special relativity, and is the most rigorously tested theory for predicting phenomena involving charged particles and photons."
Public administration,"Public administration is the management of public programs and the study of public policy creation and implementation, focusing on government decision-making, policy processes, and public institutions, rooted in Weber's bureaucracy theory and New Public Administration."
Computer network,"A computer network is a system of interconnected computers sharing resources and communication protocols through various connections, supporting applications like web access, digital media, and messaging."
Food science,"Food science, or bromatology, combines chemistry, physics, and biochemistry to study food safety, processing, and nutrition, informing food technology and involving product development, production design, packaging, shelf-life studies, and various testing methods."
Computer vision,"Computer vision is the field of transforming digital images into actionable information using models from geometry, physics, statistics, and learning theory, encompassing sub-domains like object detection, motion estimation, and image restoration."
Toxicology,"Toxicology is the scientific study of harmful effects of chemicals on living beings, considering factors like dosage, exposure, and individual characteristics, and it contributes to areas such as cancer research and evidence-based medical practices."
Theoretical physics,"Theoretical physics employs mathematical models to explain natural phenomena, prioritizing mathematical rigor over experiments, and complements experimental physics, as exemplified by Einstein's contributions to special relativity and the photoelectric effect."
Mathematics,"Mathematics is a field that uses abstract objects and deductive rules to organize methods, theories, and theorems across various areas, finding applications in sciences, engineering, and finance, and has evolved significantly since Greek mathematics."
Market economy,"A market economy is an economic system where supply and demand dictate investment, production, and distribution, contrasting with planned economies driven by centralized planning."
Social science,"Social science studies societies and their relationships through disciplines like anthropology, economics, geography, and political science, using natural science methods and social critique to achieve shared academic goals."
Agricultural science,"Agricultural science, or agriscience, integrates biology, exact, natural, economic, and social sciences to study and practice agriculture, with experts in the field called agricultural scientists or agriculturists."
Mathematical physics,"Mathematical physics involves using and developing mathematical methods to solve physics problems and formulate theories, also encompassing mathematics inspired by physics, known as physical mathematics."
Computer security,"Computer security protects software, systems, and networks from unauthorized access, theft, or damage, crucial due to technological reliance and IoT, while also emphasizing the ongoing relevance of physical security measures."
Environmental science,"Environmental science is an interdisciplinary field combining natural and social sciences, as well as engineering, to study and address environmental issues such as pollution, global warming, and resource management."
Public relations,"Public relations (PR) is the strategic management of information and communication to shape public perception and cultivate a positive image for an individual or organization, distinct from advertising through its internally controlled, often unpaid media exposure efforts."
Industrial organization,"Industrial organization in economics examines firm and market structures, incorporating transaction costs, barriers to entry, and uses models and policy analysis, including game theory, to understand and influence firm behavior and market strategy."
Computer science,"Computer science is the study of computation, information, and automation, encompassing theoretical and applied disciplines like algorithms, software design, cryptography, and artificial intelligence, with the Turing Award as its highest honor."
Linguistics,"Linguistics is the scientific study of language, encompassing its structure, meaning, and usage, with theoretical and applied branches, and intersecting with fields such as philosophy, semiotics, and translation."
Molecular physics,"Molecular physics studies the physical properties, dynamics, and structures of molecules, utilizing classical and quantum mechanics, and techniques like spectroscopy and scattering, intersecting with physical chemistry, chemical physics, and quantum chemistry."
Anesthesia,"Anesthesia is a medically induced temporary state of pain relief, muscle relaxation, memory loss, and possibly unconsciousness, tailored to the patient's health and procedure complexity, and categorized into general, sedation, regional, and local types."
Chemical engineering,"Chemical engineering involves designing and optimizing chemical plants and processes to convert raw materials into valuable products, utilizing principles from sciences and economics, and ensuring efficient energy and material management."
Physiology,"Physiology is the scientific study of the functions and mechanisms in living systems, encompassing organisms, organ systems, cells, and biomolecules, and includes fields like medical, animal, plant, cell, and comparative physiology."
Operations research,"Operations research (OR) is a discipline that employs analytical methods like modeling, statistics, and optimization to enhance decision-making across various industries, aiming for maximum profit or minimum loss."
Demographic economics,"Demographic economics uses economic analysis to study human populations' size, growth, distribution, and related aspects like marriage, fertility, migration, and public policy, complementing labor economics and addressing various societal issues."
Veterinary medicine,"Veterinary medicine encompasses the prevention, diagnosis, and treatment of animal diseases, while promoting animal welfare and contributing to human health through zoonotic disease control, food safety, and medical research."
Chromatography,"Chromatography is a laboratory technique for separating a mixture's components based on their different affinities for a stationary phase versus a mobile phase, used for purification or chemical analysis."
Simulation,"A simulation is an imitative representation of a real-world process or system, often using models and computers, to explore outcomes and effects in technology, safety, training, and scientific modeling."
Astrophysics,"Astrophysics is the scientific study of the physical and chemical properties of astronomical objects and phenomena, including stars, galaxies, and cosmic structures, focusing on their nature rather than their positions."
Socioeconomics,"Socioeconomics is the study of how economic activity affects and is shaped by social processes, examining both individual and systemic economic behaviors and their impact on society."
Computational science,"Computational science leverages advanced computing, including simulations and numerical analysis, to solve complex physical problems, necessitating research in algorithms, hardware, and infrastructure, and often using supercomputers."
Nuclear magnetic resonance,"Nuclear magnetic resonance (NMR) is a phenomenon where nuclei in a strong magnetic field emit an electromagnetic signal when disturbed by a weaker oscillating field, aiding in medical imaging and molecular structure analysis."
Communication,"Communication is the transmission of information, either verbal or non-verbal, between entities, studied through coding systems and influenced by technological advancements such as writing, printing, radio, television, and the internet."
Development economics,"Development economics studies economic growth and living conditions in low- and middle-income countries, using quantitative and qualitative methods to inform policies, considering social and political factors, and covering topics like growth theory, poverty, inequality, human capital, and institutions."
Agricultural economics,"Agricultural economics is a branch of economics that optimizes food and fiber production and distribution, impacting food, agricultural, and environmental policies by integrating crop yield, soil health, and broader economic areas."
Optoelectronics,"Optoelectronics is a photonics subfield focused on electronic systems interacting with light, including gamma and X-rays, using devices like photodiodes and LEDs, with key applications in optocouplers and optical fiber communications."
Climatology,"Climatology is the scientific study of Earth's climate, involving the analysis, modeling, and understanding of long-term weather patterns, climate variability, and change mechanisms, typically over periods of at least 30 years."
Multimedia,"Multimedia integrates text, audio, images, video, and interactive elements on a single digital platform to enhance user experience, applicable across various fields and playable on multiple devices."
Cancer research,"Cancer research aims to identify cancer causes and develop prevention, diagnosis, and treatment strategies, including surgery, radiation, chemotherapy, hormone therapy, immunotherapy, and gene therapy, conducted in academic, research, and corporate settings."
Economic growth,"Economic growth is the annual percent change in inflation-adjusted GDP, indicating improvements in the market value of goods and services produced by an economy through more efficient input use, increased inputs, or new goods and services."
Fishery,"A fishery is the commercial or site-specific raising and harvesting of aquatic life, crucial for 500 million people, and requires complex management to address overfishing, pollution, and climate change challenges."
Medical education,"Medical education encompasses the initial and continuous training of medical practitioners, utilizing various global methodologies and specific requirements like entrustable professional activities to ensure progression at all educational levels."
Family medicine,"Family medicine is a primary care specialty providing comprehensive, holistic health care for individuals and families of all ages, focusing on disease prevention and health promotion within a community context, with specific training since the 1950s."
Art history,"Art history is the study of diverse art forms and visual culture across different periods and cultures, focusing on historical contexts to understand artists' works and their impact, distinct from art criticism, theory, and philosophy."
Water resource management,"Water resource management involves the strategic planning and control of natural and artificial freshwater supplies to address challenges such as scarcity, pollution, conflict, climate change, and global groundwater depletion."
Environmental protection,"Environmental protection involves collaborative efforts by individuals, groups, and governments to conserve natural resources and repair environmental damage, driven by increased awareness and regulatory measures since the 1960s."
Pulp and paper industry,"The pulp and paper industry processes pulpwood to create pulp, paper, and cellulose products by shaping pulp into paper and removing water through pressing and steam-heated drying methods."
Genealogy,"Genealogy is the study of family history and lineage using methods such as oral interviews, historical records, and genetic analysis, often resulting in charts or narratives like family trees, and encompassing traditions and biographies."
Management science,"Management science is an interdisciplinary field that uses scientific research, mathematical modeling, statistics, and algorithms to solve complex problems, optimize systems, and improve decision-making in organizations."
Psychotherapist,A psychotherapist is a mental health professional who uses psychological methods and personal interaction to improve mental health and resolve behavioral issues through various techniques for individuals or groups.
Agroforestry,"Agroforestry is a land management system that integrates trees with crops or pasture, providing economic, environmental, and social benefits like improved productivity, reduced soil erosion, increased biodiversity, and carbon sequestration."
Genetics,"Genetics is the scientific study of genes, heredity, and their interaction with the environment to influence organism development and behavior, first explored by Gregor Mendel in the 19th century."
Medical emergency,"A medical emergency is a severe injury or illness that threatens life or long-term health, necessitating immediate aid from qualified individuals, with the response varying by severity, location, patient, and available resources."
Commerce,"Commerce is an organized system for distributing goods and services from producers to consumers, involving trade, banking, transportation, and advertising, and shaped by laws, consumer trends, supply chains, and technological innovation."
Waste management,"Waste management involves the collection, transportation, treatment, and regulation of waste to minimize its impact on human health and the environment, following the '7R' principle: refuse, reduce, reuse, repair, repurpose, recycle, and recover."
Audiology,"Audiology is the science of studying hearing, balance, and related disorders, where audiologists diagnose and treat hearing issues from birth to end-of-life using various tests and providing interventions and rehabilitation."
Welfare economics,"Welfare economics employs microeconomic methods to evaluate societal well-being, guiding public economics and cost-benefit analysis, and includes principles on competitive markets, Pareto efficiency, and a social welfare function for ranking resource allocations."
Biochemistry,"Biochemistry, a sub-discipline of chemistry and biology, examines chemical processes in living organisms, focusing on structural biology, enzymology, and metabolism to understand biological molecules' structures, functions, and roles in cellular processes and energy utilization."
Engineering ethics,"Engineering ethics is the study of moral principles guiding engineers' responsibilities to society, clients, and their profession, originating in the 19th century with the professionalization of engineering and its ties to science and technology philosophy."
Traditional medicine,"Traditional medicine, as per the WHO, involves indigenous health practices and knowledge used for primary care by up to 80% of people in some Asian and African countries, though it requires more research for efficacy and safety."
Monetary economics,"Monetary economics examines money's theories, functions, and impacts on monetary systems, including regulation and international aspects, while providing microfoundations for money demand and exploring its role as a substitute for other assets."
Knowledge management,"Knowledge management (KM) is a multidisciplinary approach to achieving organizational goals by effectively managing, utilizing, and sharing knowledge, crucial for performance, innovation, and navigating complexities like supply chains and digital transformation."
Mechanics,"Mechanics is a physics field studying the relationship between force, matter, and motion in physical objects, primarily focusing on bodies at rest or moving slower than light speed, excluding quantum phenomena."
Cartography,"Cartography is the study and creation of maps, combining science, aesthetics, and technique to model reality, set agendas, represent terrain, simplify complexity, and support geographic information systems and science."
Petrology,"Petrology, a geology branch, examines rock characteristics and formation conditions, divided into igneous, metamorphic, and sedimentary petrology, with the first two using chemistry and phase diagrams and the latter focusing on sedimentary processes."
Botany,"Botany is a multidisciplinary branch of biology that studies plant life, including their structure, growth, reproduction, biochemistry, diseases, and evolution, with applications in agriculture, horticulture, forestry, environmental management, and biodiversity conservation."
Bioinformatics,"Bioinformatics is an interdisciplinary science that uses computational and statistical techniques to analyze complex biological data, aiding in tasks like gene identification, proteomics, and modeling biomolecular interactions to understand disease genetics and evolutionary biology."
General surgery,"General surgery is a medical specialty focusing on the digestive system, abdominal organs, skin, breast, soft tissue, hernias, trauma, peripheral artery disease, and includes performing endoscopic procedures like gastroscopy, colonoscopy, and laparoscopy."
Engineering physics,"Engineering physics integrates pure sciences such as physics and mathematics with engineering disciplines, often termed 'Technical physics,' and offers specialized degrees focusing on areas like nuclear engineering and applied sciences."
Quantum mechanics,"Quantum mechanics is a foundational theory explaining atomic and subatomic behavior, describing systems with both particle and wave characteristics, developed to address phenomena unexplained by classical physics."
Remote sensing,"Remote sensing is the non-contact acquisition of information about Earth's or other planets' objects and phenomena using satellite or aircraft sensors, employing both active and passive methods for applications in various fields like Earth sciences and military."
Economic history,"Economic history examines past economic phenomena using statistical and economic methods, analyzing the economy's structure and societal impact, with sub-disciplines like financial history, business history, cliometrics, and the history of capitalism."
Agronomy,"Agronomy is the scientific study and application of plant usage in agriculture, involving research in plant genetics, physiology, soil science, and meteorology, and integrating biology, chemistry, economics, ecology, and earth science."
Structural engineering,"Structural engineering, a civil engineering branch, focuses on designing stable, strong, and earthquake-resistant buildings, collaborating with designers, supervising construction, and sometimes designing machinery or vehicles, using physical laws and material knowledge for efficient resource use."
Clinical psychology,"Clinical psychology is a regulated mental health profession established in 1896, combining scientific principles to understand, assess, and treat psychological distress, with training emphasizing research, theory, and practice, including psychotherapy across four main theoretical orientations."
Computational biology,"Computational biology is a field that employs data analysis, mathematical modeling, and computational simulations to understand biological systems, integrating computer science, biology, big data, applied mathematics, chemistry, and genetics."
Stereochemistry,Stereochemistry is the branch of chemistry that studies the three-dimensional arrangement of atoms in molecules and the effects of different geometric positioning of stereoisomers on their properties and reactivity.
Medicine,"Medicine is the science and practice of diagnosing, treating, and preventing illness through biomedical sciences and technology, blending modern and traditional methods with a focus on patient care."
Financial system,"A financial system enables the exchange of funds among lenders, investors, and borrowers through services, markets, and institutions, using money, credit, and finance for allocation, investment, and risk sharing at national and global levels."
Criminology,"Criminology is the interdisciplinary study of crime and deviant behavior, focusing on the nature, causes, societal reactions, and the functioning of law enforcement and penal institutions."
Economic system,"An economic system is a societal structure for producing, allocating, and distributing goods and services, addressing key economic questions through various models such as market, planned, and mixed economies."
Classical mechanics,"Classical mechanics is a physical theory describing object motion, developed by Newton, Euler, Lagrange, and Hamilton, but it fails with extremely massive objects, high speeds, or atomic scales, requiring quantum mechanics or relativity instead."
Gerontology,"Gerontology, coined by Ilya Ilyich Mechnikov in 1903, is the multidisciplinary study of aging, encompassing social, cultural, psychological, cognitive, and biological aspects, distinct from geriatrics, which focuses on treating diseases in older adults."
Classics,"Classics, or classical studies, explores Greek and Roman literature, languages, and culture, including philosophy, history, and art, forming the foundation of humanities in Western education."
Photochemistry,"Photochemistry is a branch of chemistry that studies the chemical effects of light, enabling high-energy reactions and processes like photosynthesis and vision, but also causing DNA mutations and photodegradation."
Applied psychology,"Applied psychology utilizes scientific psychology methods to solve practical problems in fields like education, business, law, and health, encompassing specializations such as counseling, industrial, and forensic psychology, and treating behavioral disorders."
Telecommunications,"Telecommunications is the rapid transmission of information through various media, including digital technologies like the Internet, facilitating global communication and excluding slower methods such as postal mail."
Database,"A database is an organized collection of data managed by a database management system (DBMS), encompassing design, storage, query languages, security, and classified as relational (SQL) or non-relational (NoSQL)."
Forensic engineering,"Forensic engineering involves investigating failures in various systems and structures to determine causes, improve performance, and assist in legal cases, requiring a state-specific professional license in the US."
Social psychology,"Social psychology scientifically examines how individuals' thoughts, feelings, and behaviors are influenced by the actual, imagined, or implied presence of others, emphasizing the interaction between mental states and social contexts."
Evolutionary biology,"Evolutionary biology is a subfield of biology that examines the processes driving the diversity of life on Earth through generational changes, integrating genetics, ecology, systematics, paleontology, and evolutionary developmental biology."
Mechanical engineering,"Mechanical engineering involves designing, maintaining, and analyzing physical machines using principles of physics, mathematics, and materials science, encompassing areas such as mechanics and thermodynamics, and utilizing tools like CAD, with overlaps in various engineering fields."
Petroleum engineering,"Petroleum engineering is a discipline that focuses on the exploration and production of hydrocarbons in the oil and gas industry's upstream sector, requiring expertise in geophysics, geology, drilling, and related engineering fields."
Real-time computing,"Real-time computing involves systems that must respond to inputs within strict deadlines, crucial for safety-critical applications like aircraft control and anti-lock brakes, ensuring immediate and precise responses."
Crystallography,"Crystallography is the scientific study of molecular and crystalline structures and properties, using techniques like X-ray diffraction, significantly contributing to biology, chemistry, and physics, and recognized by the UN in 2012."
Theoretical computer science,"Theoretical computer science explores the abstract and mathematical foundations of computation, including algorithms, data structures, computational complexity, cryptography, and machine learning, emphasizing mathematical rigor."
Geophysics,"Geophysics is the natural science focusing on Earth's physical properties and processes, including its shape, gravitational and magnetic fields, internal structure, and plate tectonics, and is vital for resource location, hazard mitigation, and environmental protection."
Biology,"Biology is the scientific study of life, encompassing cell structure, genetics, evolution, energy processing, and regulation, and employs the scientific method to explore the diversity of living organisms across various levels and subdisciplines."
Astrobiology,"Astrobiology is the scientific study of life's origins, evolution, and distribution in the universe, focusing on habitable environments, extraterrestrial biosignatures, and Earth's life origins, and has expanded with space exploration advancements."
Environmental engineering,"Environmental engineering applies scientific principles to develop solutions for environmental protection, waste management, pollution control, public health, and the impact of technology on issues like global warming, often requiring professional licensing."
Agricultural engineering,"Agricultural engineering applies engineering principles to enhance farm efficiency and sustainability, involving the design and planning of agricultural projects by engineers with an agriculture background, often in collaboration with agriculturists."
Microbiology,"Microbiology is the scientific study of microorganisms, encompassing unicellular, multicellular, and acellular forms, using molecular biology tools, with sub-disciplines like virology, bacteriology, and parasitology, pioneered by figures like Leeuwenhoek, Pasteur, and Koch."
Zoology,"Zoology is the scientific study of animals, focusing on their structure, classification, behavior, and ecosystems, and includes disciplines like physiology and molecular genetics, with origins tracing back to Aristotle and contributions from Linnaeus and Darwin."
Gastroenterology,"Gastroenterology is the medical specialty that focuses on diagnosing and treating disorders of the digestive system, including the gastrointestinal tract and associated organs like the pancreas, gallbladder, and liver."
Environmental planning,"Environmental planning is a decision-making process for land development that integrates environmental, social, political, economic, and governance factors to create sustainable communities and conserve undeveloped land."
Atmospheric sciences,"Atmospheric sciences encompass the study of Earth's and other planets' atmospheres, focusing on weather, climate, and upper atmospheric processes, utilizing tools like satellites and radars, with foundational contributions from pioneers like Léon Teisserenc de Bort and Richard Assmann."
Computer hardware,"Computer hardware comprises physical components such as the CPU, RAM, motherboard, and peripherals, which operate alongside software to create a functional computing system."
Arithmetic,"Arithmetic, a fundamental branch of mathematics, involves basic operations such as addition, subtraction, multiplication, and division on various number types and numeral systems, and is foundational for advanced subjects and everyday applications."
Environmental ethics,"Environmental ethics, a subfield of environmental philosophy, explores human responsibility towards nature and sustainable resource use, influencing law and ecology, and was shaped by influential works and events like Rachel Carson's writings and Earth Day."
Cell biology,"Cell biology is the branch of biology that examines the structure, function, and behavior of cells, encompassing both prokaryotic and eukaryotic cells, and is fundamental to understanding larger organisms and crucial for biomedical research."
History,"History is the study and documentation of the human past, analyzing events and their causes using various sources, and encompasses prehistory, cultural heritage, and myths."
Forestry,"Forestry is the science and practice of managing forests for human and environmental benefits, including timber production, biodiversity, and ecosystem services, integrating various disciplines and supporting millions of jobs worldwide."
Thermodynamics,"Thermodynamics, a physics branch, examines heat, work, temperature, energy, and entropy relationships, governed by four laws, and applies to fields like engineering and chemistry for understanding processes and improving efficiency."
Pharmacology,"Pharmacology is the scientific study of drugs, including their origins, compositions, interactions, effects, mechanisms, and medical applications, distinct from pharmacy, which applies these principles clinically, encompassing pharmacodynamics and pharmacokinetics."
Environmental health,"Environmental health is a public health branch that examines and controls how natural and built environments impact human health, incorporating environmental science, toxicology, epidemiology, and occupational medicine."
Physical medicine and rehabilitation,"Physical medicine and rehabilitation (PM&R), or physiatry, is a medical field dedicated to enhancing functionality and quality of life for individuals with physical impairments or disabilities through various treatments, including medication management, electrodiagnosis, and targeted injections."
